{
  "Logistic Regression": {
    "accuracy": 0.8266666666666667,
    "precision": 0.45454545454545453,
    "recall": 0.7777777777777778,
    "f1": 0.5737704918032787,
    "roc_auc": 0.903355119825708,
    "optimal_threshold": 0.7929030879761871
  },
  "Random Forest": {
    "accuracy": 0.91,
    "precision": 1.0,
    "recall": 0.4,
    "f1": 0.5714285714285714,
    "roc_auc": 0.94640522875817,
    "optimal_threshold": 0.3261024033437826
  },
  "Gradient Boosting": {
    "accuracy": 0.9233333333333333,
    "precision": 0.84375,
    "recall": 0.6,
    "f1": 0.7012987012987013,
    "roc_auc": 0.9561655773420479,
    "optimal_threshold": 0.08086951857478995
  }
}